{
    "modelo": "Regress\u00e3o Log\u00edstica",
    "acuracia_teste": 0.99325,
    "acuracias_folds": [
        0.9396875,
        0.94125,
        0.9578125,
        0.981875,
        0.9675
    ],
    "media_folds": 0.957625,
    "std_folds": 0.015971899151321994
}